"Id","Path","Slice Name","Alias(s)","Label","Min","Max","Must Support?","Is Modifier?","Is Summary?","Type(s)","Short","Definition","Comments","Requirements","Default Value","Meaning When Missing","Fixed Value","Pattern","Example","Minimum Value","Maximum Value","Maximum Length","Binding Strength","Binding Description","Binding Value Set","Code","Slicing Discriminator","Slicing Description","Slicing Ordered","Slicing Rules","Base Path","Base Min","Base Max","Condition(s)","Constraint(s)","Mapping: RIM Mapping"
"FRCDAMaterialPharm","FRCDAMaterialPharm","","","",1,1,"","","","null {[]} {[]}
","CDA - Matériau pharmaceutique enrichi","Modèle logique dérivé du Material CDA officiel et enrichi avec les
éléments pharmaceutiques utilisés dans les documents CDA IPS français.","","","","","","","","","",,,,,"",,,,"Base",0,*,"","","n/a"
"FRCDAMaterialPharm.nullFlavor","FRCDAMaterialPharm.nullFlavor","","","Exceptional Value Detail",0,1,"","","","code {[CanonicalType[http://hl7.org/cda/stds/core/StructureDefinition/cs-simple|2.0.3-sd]]} {[]}
","","If a value is an exceptional value (NULL-value), this specifies in what way and why proper information is missing.","","","","","","","","","",,"required","","http://hl7.org/cda/stds/core/ValueSet/CDANullFlavor|2.0.3-sd","",,,,"ANY.nullFlavor",0,1,"",""
"FRCDAMaterialPharm.realmCode","FRCDAMaterialPharm.realmCode","","","",0,*,"","","","http://hl7.org/cda/stds/core/StructureDefinition/CS {[]} {[]}
","","When valued in an instance, this attribute signals the imposition of realm-specific constraints. The value of this attribute identifies the realm in question","","","","","","","","","",,,,,"",,,,"InfrastructureRoot.realmCode",0,*,"",""
"FRCDAMaterialPharm.typeId","FRCDAMaterialPharm.typeId","","","",0,1,"","","","http://hl7.org/cda/stds/core/StructureDefinition/II {[]} {[]}
","","When valued in an instance, this attribute signals the imposition of constraints defined in an HL7-specified message type. This might be a common type (also known as CMET in the messaging communication environment), or content included within a wrapper. The value of this attribute provides a unique identifier for the type in question.","","","","","","","","","",,,,,"",,,,"InfrastructureRoot.typeId",0,1,"","II-1:An II instance must have either a root or an nullFlavor. {root.exists() or nullFlavor.exists()}
"
"FRCDAMaterialPharm.typeId.nullFlavor","FRCDAMaterialPharm.typeId.nullFlavor","","","Exceptional Value Detail",0,1,"","","","code {[CanonicalType[http://hl7.org/cda/stds/core/StructureDefinition/cs-simple|2.0.3-sd]]} {[]}
","","If a value is an exceptional value (NULL-value), this specifies in what way and why proper information is missing.","","","","","","","","","",,"required","","http://hl7.org/cda/stds/core/ValueSet/CDANullFlavor|2.0.3-sd","",,,,"ANY.nullFlavor",0,1,"",""
"FRCDAMaterialPharm.typeId.assigningAuthorityName","FRCDAMaterialPharm.typeId.assigningAuthorityName","","","Assigning Authority Name",0,1,"","","","string {[CanonicalType[http://hl7.org/cda/stds/core/StructureDefinition/st-simple|2.0.3-sd]]} {[]}
","","A human readable name or mnemonic for the assigning authority. The Assigning Authority Name has no computational value. The purpose of a Assigning Authority Name is to assist an unaided human interpreter of an II value to interpret the authority. Note: no automated processing must depend on the assigning authority name to be present in any form.","","","","","","","","","",,,,,"",,,,"II.assigningAuthorityName",0,1,"",""
"FRCDAMaterialPharm.typeId.displayable","FRCDAMaterialPharm.typeId.displayable","","","Displayable",0,1,"","","","boolean {[CanonicalType[http://hl7.org/cda/stds/core/StructureDefinition/bl-simple|2.0.3-sd]]} {[]}
","","Specifies if the identifier is intended for human display and data entry (displayable = true) as opposed to pure machine interoperation (displayable = false).","","","","","","","","","",,,,,"",,,,"II.displayable",0,1,"",""
"FRCDAMaterialPharm.typeId.root","FRCDAMaterialPharm.typeId.root","","","Root",1,1,"","","","string {[CanonicalType[http://hl7.org/cda/stds/core/StructureDefinition/oid|2.0.3-sd], CanonicalType[http://hl7.org/cda/stds/core/StructureDefinition/uuid|2.0.3-sd], CanonicalType[http://hl7.org/cda/stds/core/StructureDefinition/ruid|2.0.3-sd]]} {[]}
","","Identifies the type as an HL7 Registered model","","","","","<valueString xmlns=""http://hl7.org/fhir"" value=""2.16.840.1.113883.1.3""/>","","","","",,,,,"",,,,"II.root",0,1,"",""
"FRCDAMaterialPharm.typeId.extension","FRCDAMaterialPharm.typeId.extension","","","Extension",1,1,"","","","string {[CanonicalType[http://hl7.org/cda/stds/core/StructureDefinition/st-simple|2.0.3-sd]]} {[]}
","","A character string as a unique identifier within the scope of the identifier root.","","","","","","","","","",,,,,"",,,,"II.extension",0,1,"",""
"FRCDAMaterialPharm.templateId","FRCDAMaterialPharm.templateId","","","",0,*,"","","","http://hl7.org/cda/stds/core/StructureDefinition/II {[]} {[]}
","","When valued in an instance, this attribute signals the imposition of a set of template-defined constraints. The value of this attribute provides a unique identifier for the templates in question","","","","","","","","","",,,,,"",,,,"InfrastructureRoot.templateId",0,*,"",""
"FRCDAMaterialPharm.classCode","FRCDAMaterialPharm.classCode","","","",0,1,"","","","code {[CanonicalType[http://hl7.org/cda/stds/core/StructureDefinition/cs-simple|2.0.3-sd]]} {[]}
","","","","","","","<valueCode xmlns=""http://hl7.org/fhir"" value=""MMAT""/>","","","","",,"required","","http://terminology.hl7.org/ValueSet/v3-EntityClassManufacturedMaterial|3.0.0","",,,,"Material.classCode",0,1,"",""
"FRCDAMaterialPharm.determinerCode","FRCDAMaterialPharm.determinerCode","","","",0,1,"","","","code {[CanonicalType[http://hl7.org/cda/stds/core/StructureDefinition/cs-simple|2.0.3-sd]]} {[]}
","","","","","","","<valueCode xmlns=""http://hl7.org/fhir"" value=""KIND""/>","","","","",,"required","","http://terminology.hl7.org/ValueSet/v3-EntityDeterminerDetermined|3.0.0","",,,,"Material.determinerCode",0,1,"",""
"FRCDAMaterialPharm.code","FRCDAMaterialPharm.code","","","",0,1,"","","","http://hl7.org/cda/stds/core/StructureDefinition/CE {[]} {[]}
","","","","","","","","","","","",,"example","","http://hl7.org/cda/stds/core/ValueSet/CDAMaterialEntityClassType|2.0.3-sd","",,,,"Material.code",0,1,"",""
"FRCDAMaterialPharm.name","FRCDAMaterialPharm.name","","","",0,1,"","","","http://hl7.org/cda/stds/core/StructureDefinition/EN {[]} {[]}
","","","","","","","","","","","",,,,,"",,,,"Material.name",0,1,"",""
"FRCDAMaterialPharm.lotNumberText","FRCDAMaterialPharm.lotNumberText","","","",0,1,"","","","http://hl7.org/cda/stds/core/StructureDefinition/ST {[]} {[]}
","","","","","","","","","","","",,,,,"",,,,"Material.lotNumberText",0,1,"",""
"FRCDAMaterialPharm.sdtcExpirationTime","FRCDAMaterialPharm.sdtcExpirationTime","","","",0,1,"","","","http://hl7.org/cda/stds/core/StructureDefinition/IVL-TS {[]} {[]}
","","The date and time the manufacturer no longer ensures the safety, quality, and/or proper functioning of the material.","","There is a need in many situations that the materials used are of a specific quality or potency or functional status. The ending date for this guarantee is specified by the manufacturer. After that date, while the material may still provide the same characteristics, the manufacturer no longer takes responsibility that the product will perform as specified and denies responsibility for failure of the material after that date.","","","","","","","",,,,,"",,,,"Material.sdtcExpirationTime",0,1,"",""
"FRCDAMaterialPharm.formCode","FRCDAMaterialPharm.formCode","","","",0,1,"","","","http://hl7.org/cda/stds/core/StructureDefinition/CE {[]} {[]}
","Forme pharmaceutique","Code représentant la forme pharmaceutique du produit de santé.","","","","","","","","","",,,,,"",,,,"FRCDAMaterialPharm.formCode",0,1,"",""
"FRCDAMaterialPharm.asSpecializedKind","FRCDAMaterialPharm.asSpecializedKind","","","",0,1,"","","","BackboneElement {[]} {[]}
","Classification du produit","Relation entre le produit de santé et une classe générique ou thérapeutique.","","","","","","","","","",,,,,"",,,,"FRCDAMaterialPharm.asSpecializedKind",0,1,"","ele-1:All FHIR elements must have a @value or children {hasValue() or (children().count() > id.count())}
"
"FRCDAMaterialPharm.asSpecializedKind.id","FRCDAMaterialPharm.asSpecializedKind.id","","","",0,1,"","","","id {[]} {[]}
","Unique id for inter-element referencing","Unique id for the element within a resource (for internal references). This may be any string value that does not contain spaces.","","","","","","","","","",,,,,"",,,,"Element.id",0,1,"ele-1
","","n/a"
"FRCDAMaterialPharm.asSpecializedKind.extension","FRCDAMaterialPharm.asSpecializedKind.extension","","extensions
user content","",0,*,"","","","Extension {[]} {[]}
","Additional content defined by implementations","May be used to represent additional information that is not part of the basic definition of the element. To make the use of extensions safe and managable, there is a strict set of governance applied to the definition and use of extensions. Though any implementer can define an extension, there is a set of requirements that SHALL be met as part of the definition of the extension.","There can be no stigma associated with the use of extensions by any application, project, or standard - regardless of the institution or jurisdiction that uses or defines the extensions.  The use of extensions is what allows the FHIR specification to retain a core level of simplicity for everyone.","","","","","","","","",,,,,"","value:url}
","Extensions are always sliced by (at least) url",,"open","Element.extension",0,*,"","ele-1:All FHIR elements must have a @value or children {hasValue() or (children().count() > id.count())}
ext-1:Must have either extensions or value[x], not both {extension.exists() != value.exists()}","n/a"
"FRCDAMaterialPharm.asSpecializedKind.modifierExtension","FRCDAMaterialPharm.asSpecializedKind.modifierExtension","","extensions
user contentmodifiers","",0,*,"","Y","Y","Extension {[]} {[]}
","Extensions that cannot be ignored even if unrecognized","May be used to represent additional information that is not part of the basic definition of the element and that modifies the understanding of the element in which it is contained and/or the understanding of the containing element's descendants. Usually modifier elements provide negation or qualification. To make the use of extensions safe and managable, there is a strict set of governance applied to the definition and use of extensions. Though any implementer can define an extension, there is a set of requirements that SHALL be met as part of the definition of the extension. Applications processing a resource are required to check for modifier extensions.

Modifier extensions SHALL NOT change the meaning of any elements on Resource or DomainResource (including cannot change the meaning of modifierExtension itself).","There can be no stigma associated with the use of extensions by any application, project, or standard - regardless of the institution or jurisdiction that uses or defines the extensions.  The use of extensions is what allows the FHIR specification to retain a core level of simplicity for everyone.","Modifier extensions allow for extensions that *cannot* be safely ignored to be clearly distinguished from the vast majority of extensions which can be safely ignored.  This promotes interoperability by eliminating the need for implementers to prohibit the presence of extensions. For further information, see the [definition of modifier extensions](http://hl7.org/fhir/R5/extensibility.html#modifierExtension).","","","","","","","",,,,,"",,,,"BackboneElement.modifierExtension",0,*,"","ele-1:All FHIR elements must have a @value or children {hasValue() or (children().count() > id.count())}
ext-1:Must have either extensions or value[x], not both {extension.exists() != value.exists()}","N/A"
"FRCDAMaterialPharm.asSpecializedKind.classCode","FRCDAMaterialPharm.asSpecializedKind.classCode","","","",1,1,"","","","code {[]} {[]}
","Classe de la relation","Code indiquant qu'il s'agit d'une relation vers une classe générique ou thérapeutique.","","","","","","<valueCode xmlns=""http://hl7.org/fhir"" value=""GRIC""/>","","","",,,,,"",,,,"FRCDAMaterialPharm.asSpecializedKind.classCode",1,1,"",""
"FRCDAMaterialPharm.asSpecializedKind.generalizedMedicineClass","FRCDAMaterialPharm.asSpecializedKind.generalizedMedicineClass","","","",1,1,"","","","BackboneElement {[]} {[]}
","Classe générique du médicament","Classe générique ou thérapeutique à laquelle appartient le produit de santé.","","","","","","","","","",,,,,"",,,,"FRCDAMaterialPharm.asSpecializedKind.generalizedMedicineClass",1,1,"","ele-1:All FHIR elements must have a @value or children {hasValue() or (children().count() > id.count())}
"
"FRCDAMaterialPharm.asSpecializedKind.generalizedMedicineClass.id","FRCDAMaterialPharm.asSpecializedKind.generalizedMedicineClass.id","","","",0,1,"","","","id {[]} {[]}
","Unique id for inter-element referencing","Unique id for the element within a resource (for internal references). This may be any string value that does not contain spaces.","","","","","","","","","",,,,,"",,,,"Element.id",0,1,"ele-1
","","n/a"
"FRCDAMaterialPharm.asSpecializedKind.generalizedMedicineClass.extension","FRCDAMaterialPharm.asSpecializedKind.generalizedMedicineClass.extension","","extensions
user content","",0,*,"","","","Extension {[]} {[]}
","Additional content defined by implementations","May be used to represent additional information that is not part of the basic definition of the element. To make the use of extensions safe and managable, there is a strict set of governance applied to the definition and use of extensions. Though any implementer can define an extension, there is a set of requirements that SHALL be met as part of the definition of the extension.","There can be no stigma associated with the use of extensions by any application, project, or standard - regardless of the institution or jurisdiction that uses or defines the extensions.  The use of extensions is what allows the FHIR specification to retain a core level of simplicity for everyone.","","","","","","","","",,,,,"","value:url}
","Extensions are always sliced by (at least) url",,"open","Element.extension",0,*,"","ele-1:All FHIR elements must have a @value or children {hasValue() or (children().count() > id.count())}
ext-1:Must have either extensions or value[x], not both {extension.exists() != value.exists()}","n/a"
"FRCDAMaterialPharm.asSpecializedKind.generalizedMedicineClass.modifierExtension","FRCDAMaterialPharm.asSpecializedKind.generalizedMedicineClass.modifierExtension","","extensions
user contentmodifiers","",0,*,"","Y","Y","Extension {[]} {[]}
","Extensions that cannot be ignored even if unrecognized","May be used to represent additional information that is not part of the basic definition of the element and that modifies the understanding of the element in which it is contained and/or the understanding of the containing element's descendants. Usually modifier elements provide negation or qualification. To make the use of extensions safe and managable, there is a strict set of governance applied to the definition and use of extensions. Though any implementer can define an extension, there is a set of requirements that SHALL be met as part of the definition of the extension. Applications processing a resource are required to check for modifier extensions.

Modifier extensions SHALL NOT change the meaning of any elements on Resource or DomainResource (including cannot change the meaning of modifierExtension itself).","There can be no stigma associated with the use of extensions by any application, project, or standard - regardless of the institution or jurisdiction that uses or defines the extensions.  The use of extensions is what allows the FHIR specification to retain a core level of simplicity for everyone.","Modifier extensions allow for extensions that *cannot* be safely ignored to be clearly distinguished from the vast majority of extensions which can be safely ignored.  This promotes interoperability by eliminating the need for implementers to prohibit the presence of extensions. For further information, see the [definition of modifier extensions](http://hl7.org/fhir/R5/extensibility.html#modifierExtension).","","","","","","","",,,,,"",,,,"BackboneElement.modifierExtension",0,*,"","ele-1:All FHIR elements must have a @value or children {hasValue() or (children().count() > id.count())}
ext-1:Must have either extensions or value[x], not both {extension.exists() != value.exists()}","N/A"
"FRCDAMaterialPharm.asSpecializedKind.generalizedMedicineClass.classCode","FRCDAMaterialPharm.asSpecializedKind.generalizedMedicineClass.classCode","","","",1,1,"","","","code {[]} {[]}
","Classe du matériau","Code indiquant que la classe représente un matériau pharmaceutique.","","","","","","<valueCode xmlns=""http://hl7.org/fhir"" value=""MMAT""/>","","","",,,,,"",,,,"FRCDAMaterialPharm.asSpecializedKind.generalizedMedicineClass.classCode",1,1,"",""
"FRCDAMaterialPharm.asSpecializedKind.generalizedMedicineClass.code","FRCDAMaterialPharm.asSpecializedKind.generalizedMedicineClass.code","","","",1,1,"","","","http://hl7.org/cda/stds/core/StructureDefinition/CE {[]} {[]}
","Code de classification","Code représentant la classe générique ou thérapeutique du produit de santé selon le système de codage utilisé.","","","","","","","","","",,,,,"",,,,"FRCDAMaterialPharm.asSpecializedKind.generalizedMedicineClass.code",1,1,"",""
"FRCDAMaterialPharm.asSpecializedKind.generalizedMedicineClass.name","FRCDAMaterialPharm.asSpecializedKind.generalizedMedicineClass.name","","","",0,1,"","","","http://hl7.org/cda/stds/core/StructureDefinition/EN {[]} {[]}
","Nom de la classification","Nom de la classe générique ou thérapeutique du produit de santé.","","","","","","","","","",,,,,"",,,,"FRCDAMaterialPharm.asSpecializedKind.generalizedMedicineClass.name",0,1,"",""
"FRCDAMaterialPharm.ingredient","FRCDAMaterialPharm.ingredient","","","",0,*,"","","","BackboneElement {[]} {[]}
","Ingrédient actif","Ingrédient actif entrant dans la composition du produit de santé.","","","","","","","","","",,,,,"",,,,"FRCDAMaterialPharm.ingredient",0,*,"","ele-1:All FHIR elements must have a @value or children {hasValue() or (children().count() > id.count())}
"
"FRCDAMaterialPharm.ingredient.id","FRCDAMaterialPharm.ingredient.id","","","",0,1,"","","","id {[]} {[]}
","Unique id for inter-element referencing","Unique id for the element within a resource (for internal references). This may be any string value that does not contain spaces.","","","","","","","","","",,,,,"",,,,"Element.id",0,1,"ele-1
","","n/a"
"FRCDAMaterialPharm.ingredient.extension","FRCDAMaterialPharm.ingredient.extension","","extensions
user content","",0,*,"","","","Extension {[]} {[]}
","Additional content defined by implementations","May be used to represent additional information that is not part of the basic definition of the element. To make the use of extensions safe and managable, there is a strict set of governance applied to the definition and use of extensions. Though any implementer can define an extension, there is a set of requirements that SHALL be met as part of the definition of the extension.","There can be no stigma associated with the use of extensions by any application, project, or standard - regardless of the institution or jurisdiction that uses or defines the extensions.  The use of extensions is what allows the FHIR specification to retain a core level of simplicity for everyone.","","","","","","","","",,,,,"","value:url}
","Extensions are always sliced by (at least) url",,"open","Element.extension",0,*,"","ele-1:All FHIR elements must have a @value or children {hasValue() or (children().count() > id.count())}
ext-1:Must have either extensions or value[x], not both {extension.exists() != value.exists()}","n/a"
"FRCDAMaterialPharm.ingredient.modifierExtension","FRCDAMaterialPharm.ingredient.modifierExtension","","extensions
user contentmodifiers","",0,*,"","Y","Y","Extension {[]} {[]}
","Extensions that cannot be ignored even if unrecognized","May be used to represent additional information that is not part of the basic definition of the element and that modifies the understanding of the element in which it is contained and/or the understanding of the containing element's descendants. Usually modifier elements provide negation or qualification. To make the use of extensions safe and managable, there is a strict set of governance applied to the definition and use of extensions. Though any implementer can define an extension, there is a set of requirements that SHALL be met as part of the definition of the extension. Applications processing a resource are required to check for modifier extensions.

Modifier extensions SHALL NOT change the meaning of any elements on Resource or DomainResource (including cannot change the meaning of modifierExtension itself).","There can be no stigma associated with the use of extensions by any application, project, or standard - regardless of the institution or jurisdiction that uses or defines the extensions.  The use of extensions is what allows the FHIR specification to retain a core level of simplicity for everyone.","Modifier extensions allow for extensions that *cannot* be safely ignored to be clearly distinguished from the vast majority of extensions which can be safely ignored.  This promotes interoperability by eliminating the need for implementers to prohibit the presence of extensions. For further information, see the [definition of modifier extensions](http://hl7.org/fhir/R5/extensibility.html#modifierExtension).","","","","","","","",,,,,"",,,,"BackboneElement.modifierExtension",0,*,"","ele-1:All FHIR elements must have a @value or children {hasValue() or (children().count() > id.count())}
ext-1:Must have either extensions or value[x], not both {extension.exists() != value.exists()}","N/A"
"FRCDAMaterialPharm.ingredient.classCode","FRCDAMaterialPharm.ingredient.classCode","","","",1,1,"","","","code {[]} {[]}
","Classe de l'ingrédient","Code indiquant qu'il s'agit d'un ingrédient actif.","","","","","","<valueCode xmlns=""http://hl7.org/fhir"" value=""ACTI""/>","","","",,,,,"",,,,"FRCDAMaterialPharm.ingredient.classCode",1,1,"",""
"FRCDAMaterialPharm.ingredient.quantity","FRCDAMaterialPharm.ingredient.quantity","","","",0,1,"","","","http://hl7.org/cda/stds/core/StructureDefinition/RTO_PQ_PQ {[CanonicalType[http://hl7.org/cda/stds/core/StructureDefinition/RTO-PQ-PQ|2.0.3-sd]]} {[]}
","Dosage de l'ingrédient","Ratio représentant la quantité ou la concentration de l'ingrédient actif.","","","","","","","","","",,,,,"",,,,"FRCDAMaterialPharm.ingredient.quantity",0,1,"",""
"FRCDAMaterialPharm.ingredient.ingredient","FRCDAMaterialPharm.ingredient.ingredient","","","",1,1,"","","","BackboneElement {[]} {[]}
","Substance active","Substance pharmaceutique jouant le rôle d'ingrédient actif.","","","","","","","","","",,,,,"",,,,"FRCDAMaterialPharm.ingredient.ingredient",1,1,"","ele-1:All FHIR elements must have a @value or children {hasValue() or (children().count() > id.count())}
"
"FRCDAMaterialPharm.ingredient.ingredient.id","FRCDAMaterialPharm.ingredient.ingredient.id","","","",0,1,"","","","id {[]} {[]}
","Unique id for inter-element referencing","Unique id for the element within a resource (for internal references). This may be any string value that does not contain spaces.","","","","","","","","","",,,,,"",,,,"Element.id",0,1,"ele-1
","","n/a"
"FRCDAMaterialPharm.ingredient.ingredient.extension","FRCDAMaterialPharm.ingredient.ingredient.extension","","extensions
user content","",0,*,"","","","Extension {[]} {[]}
","Additional content defined by implementations","May be used to represent additional information that is not part of the basic definition of the element. To make the use of extensions safe and managable, there is a strict set of governance applied to the definition and use of extensions. Though any implementer can define an extension, there is a set of requirements that SHALL be met as part of the definition of the extension.","There can be no stigma associated with the use of extensions by any application, project, or standard - regardless of the institution or jurisdiction that uses or defines the extensions.  The use of extensions is what allows the FHIR specification to retain a core level of simplicity for everyone.","","","","","","","","",,,,,"","value:url}
","Extensions are always sliced by (at least) url",,"open","Element.extension",0,*,"","ele-1:All FHIR elements must have a @value or children {hasValue() or (children().count() > id.count())}
ext-1:Must have either extensions or value[x], not both {extension.exists() != value.exists()}","n/a"
"FRCDAMaterialPharm.ingredient.ingredient.modifierExtension","FRCDAMaterialPharm.ingredient.ingredient.modifierExtension","","extensions
user contentmodifiers","",0,*,"","Y","Y","Extension {[]} {[]}
","Extensions that cannot be ignored even if unrecognized","May be used to represent additional information that is not part of the basic definition of the element and that modifies the understanding of the element in which it is contained and/or the understanding of the containing element's descendants. Usually modifier elements provide negation or qualification. To make the use of extensions safe and managable, there is a strict set of governance applied to the definition and use of extensions. Though any implementer can define an extension, there is a set of requirements that SHALL be met as part of the definition of the extension. Applications processing a resource are required to check for modifier extensions.

Modifier extensions SHALL NOT change the meaning of any elements on Resource or DomainResource (including cannot change the meaning of modifierExtension itself).","There can be no stigma associated with the use of extensions by any application, project, or standard - regardless of the institution or jurisdiction that uses or defines the extensions.  The use of extensions is what allows the FHIR specification to retain a core level of simplicity for everyone.","Modifier extensions allow for extensions that *cannot* be safely ignored to be clearly distinguished from the vast majority of extensions which can be safely ignored.  This promotes interoperability by eliminating the need for implementers to prohibit the presence of extensions. For further information, see the [definition of modifier extensions](http://hl7.org/fhir/R5/extensibility.html#modifierExtension).","","","","","","","",,,,,"",,,,"BackboneElement.modifierExtension",0,*,"","ele-1:All FHIR elements must have a @value or children {hasValue() or (children().count() > id.count())}
ext-1:Must have either extensions or value[x], not both {extension.exists() != value.exists()}","N/A"
"FRCDAMaterialPharm.ingredient.ingredient.classCode","FRCDAMaterialPharm.ingredient.ingredient.classCode","","","",1,1,"","","","code {[]} {[]}
","Classe de la substance","Code indiquant que la substance est un matériau pharmaceutique.","","","","","","<valueCode xmlns=""http://hl7.org/fhir"" value=""MMAT""/>","","","",,,,,"",,,,"FRCDAMaterialPharm.ingredient.ingredient.classCode",1,1,"",""
"FRCDAMaterialPharm.ingredient.ingredient.determinerCode","FRCDAMaterialPharm.ingredient.ingredient.determinerCode","","","",1,1,"","","","code {[]} {[]}
","Déterminant de la substance","Code indiquant que l'élément représente un type de substance.","","","","","","<valueCode xmlns=""http://hl7.org/fhir"" value=""KIND""/>","","","",,,,,"",,,,"FRCDAMaterialPharm.ingredient.ingredient.determinerCode",1,1,"",""
"FRCDAMaterialPharm.ingredient.ingredient.code","FRCDAMaterialPharm.ingredient.ingredient.code","","","",0,1,"","","","http://hl7.org/cda/stds/core/StructureDefinition/CE {[]} {[]}
","Code de la substance","Code identifiant la substance active.","","","","","","","","","",,,,,"",,,,"FRCDAMaterialPharm.ingredient.ingredient.code",0,1,"",""
"FRCDAMaterialPharm.ingredient.ingredient.code.nullFlavor","FRCDAMaterialPharm.ingredient.ingredient.code.nullFlavor","","","Exceptional Value Detail",0,1,"","","","code {[CanonicalType[http://hl7.org/cda/stds/core/StructureDefinition/cs-simple|2.0.3-sd]]} {[]}
","","If a value is an exceptional value (NULL-value), this specifies in what way and why proper information is missing.","","","","","","","","","",,"required","","http://hl7.org/cda/stds/core/ValueSet/CDANullFlavor|2.0.3-sd","",,,,"ANY.nullFlavor",0,1,"",""
"FRCDAMaterialPharm.ingredient.ingredient.code.code","FRCDAMaterialPharm.ingredient.ingredient.code.code","","","Code",0,1,"","","","code {[CanonicalType[http://hl7.org/cda/stds/core/StructureDefinition/cs-simple|2.0.3-sd]]} {[]}
","","The plain code symbol defined by the code system. For example, ""784.0"" is the code symbol of the ICD-9 code ""784.0"" for headache.","","","","","","","","","",,,,,"",,,,"CD.code",0,1,"",""
"FRCDAMaterialPharm.ingredient.ingredient.code.codeSystem","FRCDAMaterialPharm.ingredient.ingredient.code.codeSystem","","","Code System",0,1,"","","","string {[CanonicalType[http://hl7.org/cda/stds/core/StructureDefinition/oid|2.0.3-sd], CanonicalType[http://hl7.org/cda/stds/core/StructureDefinition/uuid|2.0.3-sd], CanonicalType[http://hl7.org/cda/stds/core/StructureDefinition/ruid|2.0.3-sd]]} {[]}
","","Specifies the code system that defines the code.","","","","","","","","","",,,,,"",,,,"CD.codeSystem",0,1,"",""
"FRCDAMaterialPharm.ingredient.ingredient.code.codeSystemName","FRCDAMaterialPharm.ingredient.ingredient.code.codeSystemName","","","Code System Name",0,1,"","","","string {[CanonicalType[http://hl7.org/cda/stds/core/StructureDefinition/st-simple|2.0.3-sd]]} {[]}
","","The common name of the coding system.","","","","","","","","","",,,,,"",,,,"CD.codeSystemName",0,1,"",""
"FRCDAMaterialPharm.ingredient.ingredient.code.codeSystemVersion","FRCDAMaterialPharm.ingredient.ingredient.code.codeSystemVersion","","","Code System Version",0,1,"","","","string {[CanonicalType[http://hl7.org/cda/stds/core/StructureDefinition/st-simple|2.0.3-sd]]} {[]}
","","If applicable, a version descriptor defined specifically for the given code system.","","","","","","","","","",,,,,"",,,,"CD.codeSystemVersion",0,1,"",""
"FRCDAMaterialPharm.ingredient.ingredient.code.displayName","FRCDAMaterialPharm.ingredient.ingredient.code.displayName","","","Display Name",0,1,"","","","string {[CanonicalType[http://hl7.org/cda/stds/core/StructureDefinition/st-simple|2.0.3-sd]]} {[]}
","","A name or title for the code, under which the sending system shows the code value to its users.","","","","","","","","","",,,,,"",,,,"CD.displayName",0,1,"",""
"FRCDAMaterialPharm.ingredient.ingredient.code.sdtcValueSet","FRCDAMaterialPharm.ingredient.ingredient.code.sdtcValueSet","","","",0,1,"","","","string {[CanonicalType[http://hl7.org/cda/stds/core/StructureDefinition/oid|2.0.3-sd]]} {[]}
","","The valueSet extension adds an attribute for elements with a CD dataType which indicates the particular value set constraining the coded concept.","","","","","","","","","",,,,,"",,,,"CD.valueSet",0,1,"",""
"FRCDAMaterialPharm.ingredient.ingredient.code.sdtcValueSetVersion","FRCDAMaterialPharm.ingredient.ingredient.code.sdtcValueSetVersion","","","",0,1,"","","","string {[CanonicalType[http://hl7.org/cda/stds/core/StructureDefinition/st-simple|2.0.3-sd]]} {[]}
","","The valueSetVersion extension adds an attribute for elements with a CD dataType which indicates the version of the particular value set constraining the coded concept.","","","","","","","","","",,,,,"",,,,"CD.sdtcValueSetVersion",0,1,"",""
"FRCDAMaterialPharm.ingredient.ingredient.code.originalText","FRCDAMaterialPharm.ingredient.ingredient.code.originalText","","","Original Text",0,1,"","","","http://hl7.org/cda/stds/core/StructureDefinition/ED {[]} {[]}
","","The text or phrase used as the basis for the coding.","","","","","","","","","",,,,,"",,,,"CD.originalText",0,1,"",""
"FRCDAMaterialPharm.ingredient.ingredient.code.originalText.reference","FRCDAMaterialPharm.ingredient.ingredient.code.originalText.reference","","","",0,1,"","","","http://hl7.org/cda/stds/core/StructureDefinition/TEL {[]} {[]}
","Référence du texte original","Référence (ancre) vers le texte original décrivant la substance active.","","","","","","","","","",,,,,"",,,,"FRCDAMaterialPharm.ingredient.ingredient.code.originalText.reference",0,1,"",""
"FRCDAMaterialPharm.ingredient.ingredient.code.qualifier","FRCDAMaterialPharm.ingredient.ingredient.code.qualifier","","","Qualifier",0,0,"","","","http://hl7.org/cda/stds/core/StructureDefinition/CR {[]} {[]}
","","Specifies additional codes that increase the specificity of the the primary code.","","","","","","","","","",,,,,"",,,,"CD.qualifier",0,*,"",""
"FRCDAMaterialPharm.ingredient.ingredient.code.translation","FRCDAMaterialPharm.ingredient.ingredient.code.translation","","","Translation",0,*,"","","","http://hl7.org/cda/stds/core/StructureDefinition/CD {[]} {[]}
","","A set of other concept descriptors that translate this concept descriptor into other code systems.","","","","","","","","","",,,,,"",,,,"CD.translation",0,*,"",""
"FRCDAMaterialPharm.ingredient.ingredient.name","FRCDAMaterialPharm.ingredient.ingredient.name","","","",1,1,"","","","http://hl7.org/cda/stds/core/StructureDefinition/EN {[]} {[]}
","Nom de la substance","Nom de la substance active.","","","","","","","","","",,,,,"",,,,"FRCDAMaterialPharm.ingredient.ingredient.name",1,1,"",""
