URL,Version,Status,OIDs,Name,Title,Description,Uses,Used,Sources
https://interop.esante.gouv.fr/ig/cda/document-core/ValueSet/fr-valueset-code-traitement,0.1.0,draft,,FRValueSetCodeTraitement,ValueSet - FR ValueSet Code Traitement,"Jeu de valeurs regroupant les codes de traitement","StructureDefinition/fr-cda-traitement",
https://interop.esante.gouv.fr/ig/cda/document-core/ValueSet/fr-valueset-reference-externe,0.1.0,draft,,FRValueSetReferenceExterne,ValueSet - FR ValueSet Reference externe,"Jeu de valeurs regroupant les typeCode du document référencé","StructureDefinition/fr-cda-references-externes","THO (V3)"
https://interop.esante.gouv.fr/ig/cda/document-core/ValueSet/fr-valueset-status-code,0.1.0,draft,,FRValueSetStatusCode,ValueSet - FR ValueSet StatusCode,"Jeu de valeurs permet d'indique le niveau de complétude des résultats d’un examen (complet, partiel ou abandonné).  - 'completed' : Rendu final complet. Tous les résultats attendus pour cet examen sont présents.  - 'active' : Rendu partiel. Certains résultats sont encore à venir pour cet examen.  - 'aborted' : L'examen est abandonné. Quelques résultats peuvent apparaître.","StructureDefinition/fr-cda-isolat-microbiologique,StructureDefinition/fr-cda-resultats-examens-de-biologie-medicale","THO (V3)"
https://interop.esante.gouv.fr/ig/cda/document-core/ValueSet/fr-valueset-statut-du-probleme,0.1.0,draft,,FRValueSetStatutDuProbleme,ValueSet - FR ValueSet Statut du problème,"Jeu de valeurs regroupant les codes de statut du problème et des allergies/intolérances","StructureDefinition/fr-cda-statut-du-probleme",
https://interop.esante.gouv.fr/ig/cda/document-core/ValueSet/fr-valueset-type-vaccination,0.1.0,draft,,FRValueSetTypeVaccination,ValueSet - FR ValueSet Type Vaccination,"Jeu de valeurs regroupant les codes de type de vaccination","StructureDefinition/fr-cda-vaccination",
https://mos.esante.gouv.fr/NOS/JDV_J01-XdsAuthorSpecialty-CISIS/FHIR/JDV-J01-XdsAuthorSpecialty-CISIS,20260505120000,active,"1.2.250.1.213.1.1.5.461",JDV_J01_XdsAuthorSpecialty_CISIS,,"XDS authorSpecialty CI-SIS","StructureDefinition/fr-cda-legal-authenticator,StructureDefinition/fr-cda-performer,StructureDefinition/fr-cda-service-event,StructureDefinition/fr-cda-assigned-author,StructureDefinition/fr-cda-associated-entity","ans.fr.terminologies"
https://mos.esante.gouv.fr/NOS/JDV_J02-XdsHealthcareFacilityTypeCode-CISIS/FHIR/JDV-J02-XdsHealthcareFacilityTypeCode-CISIS,20260223120000,active,"1.2.250.1.213.1.1.5.466",JDV_J02_XdsHealthcareFacilityTypeCode_CISIS,,"XDS healthcareFacilityTypeCode CI-SIS","StructureDefinition/fr-cda-health-care-facility","ans.fr.terminologies"
https://mos.esante.gouv.fr/NOS/JDV_J04-XdsPracticeSettingCode-CISIS/FHIR/JDV-J04-XdsPracticeSettingCode-CISIS,20240927120000,active,"1.2.250.1.213.1.1.5.467",JDV_J04_XdsPracticeSettingCode_CISIS,,"XDS practiceSettingCode CI-SIS","StructureDefinition/fr-cda-represented-organization,StructureDefinition/fr-cda-intended-recipient","ans.fr.terminologies"
https://mos.esante.gouv.fr/NOS/JDV_J11-RelationPatient-CISIS/FHIR/JDV-J11-RelationPatient-CISIS,20200424120000,active,"1.2.250.1.213.3.3.16",JDV_J11_RelationPatient_CISIS,,"Relation par rapport au patient - CI-SIS","StructureDefinition/fr-cda-related-entity","ans.fr.terminologies"
https://mos.esante.gouv.fr/NOS/JDV_J140-EncounterParticipationType-CISIS/FHIR/JDV-J140-EncounterParticipationType-CISIS,20210326120000,active,"1.2.250.1.213.1.1.5.528",JDV_J140_EncounterParticipationType_CISIS,,"JDV_J140-EncounterParticipationType-CISIS","StructureDefinition/fr-cda-encounter-participant","ans.fr.terminologies"
https://mos.esante.gouv.fr/NOS/JDV_J141-RoleClass-CISIS/FHIR/JDV-J141-RoleClass-CISIS,20210326120000,active,"1.2.250.1.213.1.1.5.588",JDV_J141_RoleClass_CISIS,,"RoleClassAssociative CI-SIS","StructureDefinition/fr-cda-associated-entity","ans.fr.terminologies"
https://mos.esante.gouv.fr/NOS/JDV_J142-TypeRencontre-CISIS/FHIR/JDV-J142-TypeRencontre-CISIS,20210326120000,active,"1.2.250.1.213.1.1.5.589",JDV_J142_TypeRencontre_CISIS,,"Type de prise en charge CI-SIS","StructureDefinition/fr-cda-encompassing-encounter","ans.fr.terminologies"
https://mos.esante.gouv.fr/NOS/JDV_J143-AdministrativeGender-CISIS/FHIR/JDV-J143-AdministrativeGender-CISIS,20210326120000,active,"1.2.250.1.213.1.1.5.590",JDV_J143_AdministrativeGender_CISIS,,"Sexe administratif CI-SIS","StructureDefinition/fr-cda-patient","ans.fr.terminologies"
https://mos.esante.gouv.fr/NOS/JDV_J245-Civilite-CISIS/FHIR/JDV-J245-Civilite-CISIS,20230331120000,active,"1.2.250.1.213.1.1.5.718",JDV_J245_Civilite_CISIS,,"Civilités CI-SIS","StructureDefinition/fr-cda-name","ans.fr.terminologies"
https://mos.esante.gouv.fr/NOS/JDV_J246-Titre-CISIS/FHIR/JDV-J246-Titre-CISIS,20240126120000,active,"1.2.250.1.213.1.1.5.719",JDV_J246_Titre_CISIS,,"Civilités CI-SIS","StructureDefinition/fr-cda-name","ans.fr.terminologies"
https://mos.esante.gouv.fr/NOS/JDV_J47-FunctionCode-CISIS/FHIR/JDV-J47-FunctionCode-CISIS,20250523120000,active,"1.2.250.1.213.1.1.5.124",JDV_J47_FunctionCode_CISIS,,"Rôles fonctionnels","StructureDefinition/fr-cda-author,StructureDefinition/fr-cda-performer-corps,StructureDefinition/fr-cda-laboratoire-executant,StructureDefinition/fr-cda-participant-entete","ans.fr.terminologies"
https://smt.esante.gouv.fr/fhir/ValueSet/jdv-absent-or-unknown-allergy-cisis,20260619134042,active,"1.2.250.1.213.1.1.5.661",JdvAbsentOrUnknownAllergyCisis,JDV Absent Or Unknown Allergy CISIS,"JDV Absent Or Unknown Allergy CISIS","StructureDefinition/fr-cda-allergie-ou-hypersensibilite","hl7.fhir.uv.ips"
https://smt.esante.gouv.fr/fhir/ValueSet/jdv-absent-or-unknown-immunization-cisis,20260619134042,active,"1.2.250.1.213.1.1.5.666",JdvAbsentOrUnknownImmunizationCisis,JDV Absent Or Unknown Immunization CISIS,"JDV Absent Or Unknown Immunization CISIS","ValueSet/fr-valueset-type-vaccination","hl7.fhir.uv.ips"
https://smt.esante.gouv.fr/fhir/ValueSet/jdv-absent-or-unknown-medication-cisis,20260619134042,active,"1.2.250.1.213.1.1.5.664",JdvAbsentOrUnknownMedicationCisis,JDV Absent Or Unknown Medication CISIS,"JDV Absent Or Unknown Medication CISIS","ValueSet/fr-valueset-code-traitement","hl7.fhir.uv.ips"
https://smt.esante.gouv.fr/fhir/ValueSet/jdv-code-document-imagerie-cisis,20260619134041,active,"1.2.250.1.213.1.1.5.687",JdvCodeDocumentImagerieCisis,JDV Code Document Imagerie CISIS,"JDV Code Document Imagerie CISIS","StructureDefinition/fr-cda-dicom-technique-imagerie","LOINC"
https://smt.esante.gouv.fr/fhir/ValueSet/jdv-code-probleme-cisis,20260619134043,active,"1.2.250.1.213.1.1.5.172",JdvCodeProblemeCisis,JDV Code Probleme CISIS,"JDV Code Probleme CISIS","StructureDefinition/fr-cda-probleme,StructureDefinition/fr-cda-antecedent-familial-observe","SCT"
https://smt.esante.gouv.fr/fhir/ValueSet/jdv-completude-dispensation-cisis,20260619134041,active,"1.2.250.1.213.1.1.5.765",JdvCompletudeDispensationCisis,JDV Completude Dispensation CISIS,"JDV Completude Dispensation CISIS","StructureDefinition/fr-cda-traitement-dispense","THO (V3)"
https://smt.esante.gouv.fr/fhir/ValueSet/jdv-couverture-sociale-cisis,20260619134043,active,"1.2.250.1.213.1.1.5.125",JdvCouvertureSocialeCisis,JDV Couverture Sociale CISIS,"JDV Couverture Sociale CISIS","StructureDefinition/fr-cda-organisme-assurance-maladie","ans.fr.terminologies"
https://smt.esante.gouv.fr/fhir/ValueSet/jdv-evaluation-douleur-cisis,20260619134043,active,"1.2.250.1.213.1.1.5.499",JdvEvaluationDouleurCisis,JDV Evaluation Douleur CISIS,"JDV Evaluation Douleur CISIS","StructureDefinition/fr-cda-observation-sur-echelle-douleur","ans.fr.terminologies,SCT"
https://smt.esante.gouv.fr/fhir/ValueSet/jdv-evolution-cisis,20260619134042,active,"1.2.250.1.213.1.1.5.788",JdvEvolutionCisis,JDV Evolution CISIS,"JDV Evolution CISIS","StructureDefinition/fr-cda-evolution-effet-indesirable","ans.fr.terminologies,SCT"
https://smt.esante.gouv.fr/fhir/ValueSet/jdv-gravite-cisis,20260619134042,active,"1.2.250.1.213.1.1.5.787",JdvGraviteCisis,JDV Gravite CISIS,"JDV Gravite CISIS","StructureDefinition/fr-cda-gravite-effet-indesirable","ans.fr.terminologies,SCT"
https://smt.esante.gouv.fr/fhir/ValueSet/jdv-health-status-code-cisis,20260619134042,active,"1.2.250.1.213.1.1.4.2.283.1",JdvHealthStatusCodeCisis,JDV Health Status Code CISIS,"JDV Health Status Code CISIS","StructureDefinition/fr-cda-statut-clinique-du-patient","SCT"
https://smt.esante.gouv.fr/fhir/ValueSet/jdv-hl7-allergy-intolerance-criticality-cisis,20260619134041,active,"2.16.840.1.113883.4.642.3.129",AllergyIntoleranceCriticality,Allergy Intolerance Criticality,"Allergy Intolerance Criticality","StructureDefinition/fr-cda-criticite","hl7.fhir.r5.core"
https://smt.esante.gouv.fr/fhir/ValueSet/jdv-hl7-allergyintolerance-clinical-cisis,20260619134042,active,"2.16.840.1.113883.4.642.3.1372",AllergyIntoleranceClinicalStatusCodes,AllergyIntolerance Clinical Status Codes,"AllergyIntolerance Clinical Status Codes","ValueSet/fr-valueset-statut-du-probleme","THO"
https://smt.esante.gouv.fr/fhir/ValueSet/jdv-hl7-condition-clinical-cisis,20260619134042,active,"2.16.840.1.113883.4.642.3.164",ConditionClinicalStatusCodes,Condition Clinical Status Codes,"Condition Clinical Status Codes","ValueSet/fr-valueset-statut-du-probleme","THO"
https://smt.esante.gouv.fr/fhir/ValueSet/jdv-hl7-condition-ver-status-cisis,20260619134042,active,"2.16.840.1.113883.4.642.3.166",ConditionVerificationStatus,Condition Verification Status,"Condition Verification Status","StructureDefinition/fr-cda-certitude","THO"
https://smt.esante.gouv.fr/fhir/ValueSet/jdv-hl7-v3-ActMood-cisis,20260619134042,active,"2.16.840.1.113883.1.11.10196",ActMood,ActMood,"ActMood","StructureDefinition/fr-cda-rencontre","THO (V3)"
https://smt.esante.gouv.fr/fhir/ValueSet/jdv-hl7-v3-ActPriority-cisis,20260619134042,active,"2.16.840.1.113883.1.11.16866",ActPriority,ActPriority,"ActPriority","StructureDefinition/fr-cda-rang-de-la-vaccination","THO (V3)"
https://smt.esante.gouv.fr/fhir/ValueSet/jdv-hl7-v3-ActStatus-cisis,20260619134042,active,"2.16.840.1.113883.1.11.15933",ActStatus,ActStatus,"ActStatus","StructureDefinition/fr-cda-modalite-entree,StructureDefinition/fr-cda-modalite-sortie,StructureDefinition/fr-cda-dicom-quantite,StructureDefinition/fr-cda-rang-de-la-vaccination,StructureDefinition/fr-cda-resultat-examens-de-biologie-element-clinique-pertinent,StructureDefinition/fr-cda-liste-des-problemes,StructureDefinition/fr-cda-identification-micro-organismes-multiresistants,StructureDefinition/fr-cda-dicom-observation,StructureDefinition/fr-cda-evenement,StructureDefinition/fr-cda-acte,StructureDefinition/fr-cda-liste-des-allergies-et-hypersensibilites,StructureDefinition/fr-cda-dispositif-medical,StructureDefinition/fr-cda-dicom-quantite-subordonnee,StructureDefinition/fr-cda-demande-d-examen-ou-de-suivi,StructureDefinition/fr-cda-batterie-examens-de-biologie-medicale,StructureDefinition/fr-cda-dicom-observation-subordonnee","THO (V3)"
https://smt.esante.gouv.fr/fhir/ValueSet/jdv-hl7-v3-ActSubstanceAdminSubstitutionCode-cisis,20260619134042,active,"2.16.840.1.113883.1.11.16621",ActSubstanceAdminSubstitutionCode,ActSubstanceAdminSubstitutionCode,"ActSubstanceAdminSubstitutionCode","StructureDefinition/fr-cda-autorisation-substitution","THO (V3)"
https://smt.esante.gouv.fr/fhir/ValueSet/jdv-hl7-v3-ActSubstanceAdministrationCode-cisis,20260619134043,active,"2.16.840.1.113883.1.11.19708",ActSubstanceAdministrationCode,ActSubstanceAdministrationCode,"ActSubstanceAdministrationCode","ValueSet/fr-valueset-code-traitement","THO (V3)"
https://smt.esante.gouv.fr/fhir/ValueSet/jdv-hl7-v3-ActSubstanceAdministrationImmunizationCode-cisis,20260619134043,active,"2.16.840.1.113883.1.11.19709",ActSubstanceAdministrationImmunizationCode,ActSubstanceAdministrationImmunizationCode,"ActSubstanceAdministrationImmunizationCode","StructureDefinition/fr-cda-vaccin-recommande,ValueSet/fr-valueset-type-vaccination","THO (V3)"
https://smt.esante.gouv.fr/fhir/ValueSet/jdv-hl7-v3-AdministrativeGender-cisis,20260619134042,active,"2.16.840.1.113883.1.11.1",AdministrativeGender,AdministrativeGender,"AdministrativeGender","StructureDefinition/fr-cda-sujet-personne","THO (V3)"
https://smt.esante.gouv.fr/fhir/ValueSet/jdv-hl7-v3-MediaType-cisis,20251216141839,active,"2.16.840.1.113883.1.11.14824",MediaType,MediaType,"MediaType","StructureDefinition/fr-cda-directive-anticipee","THO (V3)"
https://smt.esante.gouv.fr/fhir/ValueSet/jdv-hl7-v3-ObservationInterpretation-cisis,20260619134042,active,"2.16.840.1.113883.1.11.78",ObservationInterpretation,ObservationInterpretation,"ObservationInterpretation","StructureDefinition/fr-cda-signe-vital-observe,StructureDefinition/fr-cda-dicom-quantite-subordonnee,StructureDefinition/fr-cda-resultat-examens-de-biologie-element-clinique-pertinent,StructureDefinition/fr-cda-statut,StructureDefinition/fr-cda-demande-d-examen-ou-de-suivi,StructureDefinition/fr-cda-resultat,StructureDefinition/fr-cda-dicom-observation-subordonnee,StructureDefinition/fr-cda-simple-observation","THO (V3)"
https://smt.esante.gouv.fr/fhir/ValueSet/jdv-hl7-v3-ObservationMethod-cisis,20260619134042,active,"2.16.840.1.113883.1.11.14079",ObservationMethod,ObservationMethod,"ObservationMethod","StructureDefinition/fr-cda-dicom-quantite-subordonnee,StructureDefinition/fr-cda-dicom-observation-subordonnee","THO (V3)"
https://smt.esante.gouv.fr/fhir/ValueSet/jdv-hl7-v3-PersonalRelationshipRoleType-cisis,20260619134041,active,"2.16.840.1.113883.1.11.19563",PersonalRelationshipRoleType,PersonalRelationshipRoleType,"PersonalRelationshipRoleType","StructureDefinition/fr-cda-antecedents-familiaux,StructureDefinition/fr-cda-sujet","THO (V3)"
https://smt.esante.gouv.fr/fhir/ValueSet/jdv-hl7-v3-xActMoodDocumentObservation,20260619134042,active,"2.16.840.1.113883.1.11.18943",XActMoodDocumentObservation,x_ActMoodDocumentObservation,"x_ActMoodDocumentObservation","StructureDefinition/fr-cda-dicom-objectifs-de-reference,StructureDefinition/fr-cda-dicom-sop-instance-observation-subordonnee,StructureDefinition/fr-cda-dicom-cadres-references","THO (V3)"
https://smt.esante.gouv.fr/fhir/ValueSet/jdv-human-substance-administration-site-cisis,20260619134041,active,"1.2.250.1.213.1.1.5.686",JdvHumanSubstanceAdministrationSiteCisis,JDV Human Substance Administration Site CISIS,"JDV Human Substance Administration Site CISIS","StructureDefinition/fr-cda-item-plan-traitement,StructureDefinition/fr-cda-traitement,StructureDefinition/fr-cda-traitement-prescrit","SCT"
https://smt.esante.gouv.fr/fhir/ValueSet/jdv-imagerie-objectif-reference-cisis,20260619134042,active,"1.2.250.1.213.1.1.5.672",JdvImagerieObjectifReferenceCisis,JDV Imagerie Objectif Reference CISIS,"JDV Imagerie Objectif Reference CISIS","StructureDefinition/fr-cda-dicom-objectifs-de-reference","Internal"
https://smt.esante.gouv.fr/fhir/ValueSet/jdv-immunization-approach-site-code-cisis,20260619134041,active,"1.2.250.1.213.1.1.5.621",JdvImmunizationApproachSiteCodeCisis,JDV Immunization Approach Site Code CISIS,"JDV Immunization Approach Site Code CISIS","StructureDefinition/fr-cda-vaccin-recommande,StructureDefinition/fr-cda-vaccination","SCT"
https://smt.esante.gouv.fr/fhir/ValueSet/jdv-immunization-route-code-cisis,20260619134042,active,"1.2.250.1.213.1.1.5.676",JdvImmunizationRouteCodeCisis,JDV Immunization Route Code CISIS,"JDV Immunization Route Code CISIS","StructureDefinition/fr-cda-vaccin-recommande,StructureDefinition/fr-cda-vaccination","ans.fr.terminologies"
https://smt.esante.gouv.fr/fhir/ValueSet/jdv-imputabilite-cisis,20260619134042,active,"1.2.250.1.213.1.1.5.786",JdvImputabiliteCisis,JDV Imputabilite CISIS,"JDV Imputabilite CISIS","StructureDefinition/fr-cda-imputabilite-effet-indesirable","SCT"
https://smt.esante.gouv.fr/fhir/ValueSet/jdv-j368-categorie-etablissement-cisis,20260505120000,active,"1.2.250.1.213.1.1.5.823",JdvJ368CategorieEtablissementCisis,Jdv J368 Categorie Etablissement Cisis,"JDV pour le CISIS reprenant l'ensemble des valeurs actives et obsolètes de niveau 4 dans la TreR397CategorieEntiteGeographiqueExercice","StructureDefinition/fr-cda-health-care-facility","ans.fr.terminologies"
https://smt.esante.gouv.fr/fhir/ValueSet/jdv-lien-assure-beneficiaire-cisis,20260619134043,active,"1.2.250.1.213.1.1.5.126",JdvLienAssureBeneficiaireCisis,JDV Lien Assure Beneficiaire CISIS,"JDV Lien Assure Beneficiaire CISIS","StructureDefinition/fr-cda-organisme-assurance-maladie","THO (V3)"
https://smt.esante.gouv.fr/fhir/ValueSet/jdv-modalite-acquisition-cisis,20260420150250,active,"1.2.250.1.213.1.1.5.618",JdvModaliteAcquisitionCisis,JDV Modalite Acquisition CISIS,"JDV Modalite Acquisition CISIS","StructureDefinition/fr-cda-dicom-serie-imagerie,StructureDefinition/fr-cda-dicom-technique-imagerie","Internal"
https://smt.esante.gouv.fr/fhir/ValueSet/jdv-modalite-entree-cisis,20260619134043,active,"1.2.250.1.213.1.1.5.73",JdvModaliteEntreeCisis,JDV Modalite Entree CISIS,"JDV Modalite Entree CISIS","StructureDefinition/fr-cda-modalite-entree","ans.fr.terminologies,SCT"
https://smt.esante.gouv.fr/fhir/ValueSet/jdv-modalite-sortie-cisis,20260619134043,active,"1.2.250.1.213.1.1.5.74",JdvModaliteSortieCisis,JDV Modalite Sortie CISIS,"JDV Modalite Sortie CISIS","StructureDefinition/fr-cda-modalite-sortie","ans.fr.terminologies,SCT"
https://smt.esante.gouv.fr/fhir/ValueSet/jdv-mode-de-transport-cisis,20260619134043,active,"1.2.250.1.213.1.1.5.140",JdvModeDeTransportCisis,JDV Mode De Transport CISIS,"JDV Mode De Transport CISIS","StructureDefinition/fr-cda-transport-du-patient,StructureDefinition/fr-cda-transport-du-professionnel","ans.fr.terminologies"
https://smt.esante.gouv.fr/fhir/ValueSet/jdv-modificateur-topographique-cisis,20260619134042,active,"1.2.250.1.213.1.1.5.688",JdvModificateurTopographiqueCisis,JDV Modificateur Topographique CISIS,"JDV Modificateur Topographique CISIS","StructureDefinition/fr-cda-dicom-quantite,StructureDefinition/fr-cda-prelevement,StructureDefinition/fr-cda-dicom-quantite-subordonnee,StructureDefinition/fr-cda-dicom-technique-imagerie,StructureDefinition/fr-cda-dicom-observation-subordonnee,StructureDefinition/fr-cda-dicom-observation","SCT"
https://smt.esante.gouv.fr/fhir/ValueSet/jdv-origine-effet-indesirable-cisis,20260619134042,active,"1.2.250.1.213.1.1.5.785",JdvOrigineEffetIndesirableCisis,JDV Origine Effet Indesirable CISIS,"JDV Origine Effet Indesirable CISIS","StructureDefinition/fr-cda-effet-indesirable","ans.fr.terminologies,SCT"
https://smt.esante.gouv.fr/fhir/ValueSet/jdv-participant-additionnel-resultat-cisis,20260619134043,active,"1.2.250.1.213.1.1.5.138",JdvParticipantAdditionnelResultatCisis,JDV Participant Additionnel Resultat CISIS,"JDV Participant Additionnel Resultat CISIS","StructureDefinition/fr-cda-participant-apsr","THO (V3)"
https://smt.esante.gouv.fr/fhir/ValueSet/jdv-quantite-exposition-rayonnements-cisis,20260619134041,active,"1.2.250.1.213.1.1.5.620",JdvQuantiteExpositionRayonnementsCisis,JDV Quantite Exposition Rayonnements CISIS,"JDV Quantite Exposition Rayonnements CISIS","StructureDefinition/fr-cda-dicom-quantite,StructureDefinition/fr-cda-dicom-quantite-subordonnee","Internal"
https://smt.esante.gouv.fr/fhir/ValueSet/jdv-resultat-type-cisis,20260619134042,active,"1.2.250.1.213.1.1.5.828",JdvResultatTypeCisis,Jdv Type Resultat Type CISIS,"Jdv Type Resultat Type CISIS","StructureDefinition/fr-cda-resultats","LOINC"
https://smt.esante.gouv.fr/fhir/ValueSet/jdv-role-informateur-cisis,20260619134042,active,"1.2.250.1.213.1.1.5.824",JdvRoleInformateurCisis,Jdv Role Informateur CISIS,"Jdv Role Informateur CISIS","StructureDefinition/fr-cda-related-entity","THO (V3)"
https://smt.esante.gouv.fr/fhir/ValueSet/jdv-route-of-administration-cisis,20260619134042,active,"1.2.250.1.213.1.1.5.677",JdvRouteOfAdministrationCisis,JDV Route Of Administration CISIS,"JDV Route Of Administration CISIS","StructureDefinition/fr-cda-item-plan-traitement","ans.fr.terminologies"
https://smt.esante.gouv.fr/fhir/ValueSet/jdv-signe-vital-cisis,20260619134043,active,"1.2.250.1.213.1.1.5.171",JdvSigneVitalCisis,JDV Signe Vital CISIS,"JDV Signe Vital CISIS","StructureDefinition/fr-cda-signe-vital-observe","LOINC"
https://smt.esante.gouv.fr/fhir/ValueSet/jdv-social-history-code-cisis,20260619134042,active,"1.2.250.1.213.1.1.4.2.283.4",JdvSocialHistoryCodeCisis,JDV Social History Code CISIS,"JDV Social History Code CISIS","StructureDefinition/fr-cda-habitus-mode-de-vie","LOINC"
https://smt.esante.gouv.fr/fhir/ValueSet/jdv-sop-class-cisis,20260619134042,active,"1.2.250.1.213.1.1.5.689",JdvSopClassCisis,JDV Sop Class CISIS,"JDV Sop Class CISIS","StructureDefinition/fr-cda-dicom-sop-instance-observation,StructureDefinition/fr-cda-dicom-sop-instance-observation-subordonnee","Other"
https://smt.esante.gouv.fr/fhir/ValueSet/jdv-specimen-type-cisis,20260619134042,active,"1.2.250.1.213.1.1.5.819",JdvSpecimenTypeCisis,JDV Specimen Type CISIS,"JDV Specimen Type CISIS","StructureDefinition/fr-cda-prelevement","THO (V3),THO (V2)"
https://smt.esante.gouv.fr/fhir/ValueSet/jdv-statut-document-cisis,20260619134043,active,"1.2.250.1.213.1.1.5.93",JdvStatutDocumentCisis,JDV Statut Document CISIS,"JDV Statut Document CISIS","StructureDefinition/fr-cda-statut-document","SCT"
https://smt.esante.gouv.fr/fhir/ValueSet/jdv-technique-biologie-cisis,20260619134042,active,"1.2.250.1.213.1.1.5.789",JdvTechniqueBiologieCisis,JDV Technique Biologie CISIS,"JDV Technique Biologie CISIS","StructureDefinition/fr-cda-resultat-examens-de-biologie-element-clinique-pertinent","Other"
https://smt.esante.gouv.fr/fhir/ValueSet/jdv-type-directive-anticipee-cisis,20260619134043,active,"1.2.250.1.213.1.1.5.136",JdvTypeDirectiveAnticipeeCisis,JDV Type Directive Anticipee CISIS,"JDV Type Directive Anticipee CISIS","StructureDefinition/fr-cda-directive-anticipee","ans.fr.terminologies,SCT,LOINC"
https://smt.esante.gouv.fr/fhir/ValueSet/jdv-type-evenement-indesirable-previsible-cisis,20260619134042,active,"1.2.250.1.213.1.1.5.794",JdvTypeEvenementIndesirablePrevisibleCisis,JDV Type Evenement Indesirable Previsible CISIS,"JDV Type Evenement Indesirable Previsible CISIS","StructureDefinition/fr-cda-allergie-ou-hypersensibilite","ans.fr.terminologies,SCT"
https://smt.esante.gouv.fr/fhir/ValueSet/jdv-type-motorisation-cisis,20260619134042,active,"1.2.250.1.213.1.1.5.801",JdvTypeMotorisationCisis,JDV Type Motorisation CISIS,"JDV Type Motorisation CISIS","StructureDefinition/fr-cda-transport-du-professionnel","ans.fr.terminologies"
